scene,frame,sum,chk,max,min,active,contacts,rejected,suppressed,frozen,adapted,capped
16x32,0,288,78260,4,-4,0,0,0,0,0,512,0
16x32,1,543,133510,5,-4,0,0,0,0,0,512,0
16x32,2,649,163866,6,-1,0,0,0,0,0,512,0
16x32,3,700,177242,5,-2,0,0,0,0,0,512,0
16x32,4,698,174620,4,-1,0,0,0,0,0,512,0
16x32,5,723,179471,5,-1,0,0,0,0,0,512,0
16x32,6,738,185492,5,-1,0,0,0,0,0,512,0
16x32,7,748,189508,5,0,0,0,0,0,0,512,0
16x32,8,771,196947,5,-1,0,0,0,0,0,512,0
16x32,9,811,202487,5,-1,0,0,0,0,0,512,0
16x32,10,825,204850,5,-1,0,0,0,0,0,512,0
16x32,11,821,203660,5,-1,0,0,0,0,0,512,0
16x32,12,822,206320,4,0,0,0,0,0,0,512,0
16x32,13,831,208706,5,-1,0,0,0,0,0,512,0
16x32,14,855,217607,5,0,0,0,0,0,0,512,0
16x32,15,870,222001,5,0,0,0,0,0,0,512,0
16x32,16,861,219963,5,0,0,0,0,0,0,512,0
16x32,17,864,220749,5,0,0,0,0,0,0,512,0
16x32,18,866,220419,4,0,0,0,0,0,0,512,0
16x32,19,882,225974,5,0,0,0,0,0,0,512,0
16x32,20,885,224770,5,0,0,0,0,0,0,512,0
16x32,21,894,225989,5,0,0,0,0,0,0,512,0
16x32,22,899,227419,6,-1,0,0,0,0,0,512,0
16x32,23,906,229940,6,0,0,0,0,0,0,512,0
16x32,24,908,230974,5,0,0,0,0,0,0,512,0
16x32,25,916,235373,5,0,0,0,0,0,0,512,0
16x32,26,905,233622,5,0,0,0,0,0,0,512,0
16x32,27,946,246246,5,0,0,0,0,0,0,512,0
16x32,28,957,247785,5,0,0,0,0,0,0,512,0
16x32,29,971,253130,5,0,0,0,0,0,0,512,0
16x32,30,997,260717,5,0,0,0,0,0,0,512,0
16x32,31,1011,263203,6,0,0,0,0,0,0,512,0
16x32,32,1019,266674,6,0,0,0,0,0,0,512,0
16x32,33,1020,265131,6,0,0,0,0,0,0,512,0
16x32,34,1031,266623,6,0,0,0,0,0,0,512,0
16x32,35,1017,262582,6,0,0,0,0,0,0,512,0
16x32,36,1035,267264,5,0,0,0,0,0,0,512,0
16x32,37,1025,263328,5,0,0,0,0,0,0,512,0
16x32,38,1008,259515,5,0,0,0,0,0,0,512,0
16x32,39,1004,258245,5,-1,0,0,0,0,0,512,0
16x32,40,1016,265127,6,0,0,0,0,0,0,512,0
16x32,41,1007,260719,6,0,0,0,0,0,0,512,0
16x32,42,1014,263622,6,0,0,0,0,0,0,512,0
16x32,43,1021,266699,5,0,0,0,0,0,0,512,0
16x32,44,1035,269506,5,0,0,0,0,0,0,512,0
16x32,45,1046,269557,5,0,0,0,0,0,0,512,0
16x32,46,1031,264532,5,0,0,0,0,0,0,512,0
16x32,47,1035,265881,5,0,0,0,0,0,0,512,0
16x32,48,1052,268647,5,0,0,0,0,0,0,512,0
16x32,49,1063,273800,6,0,0,0,0,0,0,512,0
16x32,50,1068,275881,6,0,0,0,0,0,0,512,0
16x32,51,1070,275593,7,0,0,0,0,0,0,512,0
16x32,52,1062,272788,7,0,0,0,0,0,0,512,0
16x32,53,1077,275533,7,0,0,0,0,0,0,512,0
16x32,54,1083,279091,6,0,0,0,0,0,0,512,0
16x32,55,1088,280715,6,0,0,0,0,0,0,512,0
16x32,56,1067,278426,6,0,0,0,0,0,0,512,0
16x32,57,1051,275561,6,0,0,0,0,0,0,512,0
16x32,58,1031,268483,6,0,0,0,0,0,0,512,0
16x32,59,1023,266146,6,0,0,0,0,0,0,512,0
16x32,60,1036,268242,5,0,0,0,0,0,0,512,0
16x32,61,1040,267031,6,0,0,0,0,0,0,512,0
16x32,62,1028,266838,5,0,0,0,0,0,0,512,0
16x32,63,1032,267487,5,0,0,0,0,0,0,512,0
16x32,64,1047,270818,5,0,0,0,0,0,0,512,0
16x32,65,1055,270245,5,0,0,0,0,0,0,512,0
16x32,66,1058,270697,5,0,0,0,0,0,0,512,0
16x32,67,1052,268759,5,0,0,0,0,0,0,512,0
16x32,68,1055,270040,5,0,0,0,0,0,0,512,0
16x32,69,1066,270182,6,0,0,0,0,0,0,512,0
16x32,70,1055,266310,6,0,0,0,0,0,0,512,0
16x32,71,1057,269316,6,0,0,0,0,0,0,512,0
16x32,72,1083,275241,6,0,0,0,0,0,0,512,0
16x32,73,1078,275172,5,0,0,0,0,0,0,512,0
16x32,74,1090,283159,6,0,0,0,0,0,0,512,0
16x32,75,1088,282788,6,0,0,0,0,0,0,512,0
16x32,76,1089,281709,6,0,0,0,0,0,0,512,0
16x32,77,1071,275470,5,0,0,0,0,0,0,512,0
16x32,78,1095,281741,6,0,0,0,0,0,0,512,0
16x32,79,1096,280729,7,0,0,0,0,0,0,512,0
16x32,80,1088,278208,7,0,0,0,0,0,0,512,0
16x32,81,1101,279528,7,0,0,0,0,0,0,512,0
16x32,82,1084,274804,7,0,0,0,0,0,0,512,0
16x32,83,1076,272936,7,0,0,0,0,0,0,512,0
16x32,84,1081,274081,7,0,0,0,0,0,0,512,0
16x32,85,1080,273242,7,0,0,0,0,0,0,512,0
16x32,86,1071,270653,7,0,0,0,0,0,0,512,0
16x32,87,1083,274777,7,0,0,0,0,0,0,512,0
16x32,88,1086,274542,7,0,0,0,0,0,0,512,0
16x32,89,1091,275928,6,0,0,0,0,0,0,512,0
16x32,90,1085,275232,5,0,0,0,0,0,0,512,0
16x32,91,1081,275273,5,0,0,0,0,0,0,512,0
16x32,92,1078,274060,6,0,0,0,0,0,0,512,0
16x32,93,1104,282463,6,0,0,0,0,0,0,512,0
16x32,94,1094,278114,5,0,0,0,0,0,0,512,0
16x32,95,1118,284340,6,0,0,0,0,0,0,512,0
16x32,96,1112,282595,5,0,0,0,0,0,0,512,0
16x32,97,1109,282138,5,0,0,0,0,0,0,512,0
16x32,98,1116,283841,5,0,0,0,0,0,0,512,0
16x32,99,1114,283357,6,0,0,0,0,0,0,512,0
16x32,100,1166,300173,6,0,0,0,0,0,0,512,0
16x32,101,16629,4523330,679,1,0,0,0,0,0,443,0
16x32,102,18146,4937222,701,0,0,0,0,0,0,443,0
16x32,103,18406,5008625,700,0,69,1,0,0,0,443,0
16x32,104,18492,5032828,700,0,81,1,0,0,109,403,0
16x32,105,18557,5048637,700,0,86,1,0,0,127,385,0
16x32,106,18557,5049707,701,0,87,1,0,0,134,378,0
16x32,107,18592,5059458,704,0,89,1,0,0,135,377,0
16x32,108,18575,5055123,704,0,89,1,0,0,137,375,0
16x32,109,18604,5065437,703,0,89,1,0,0,137,375,0
16x32,110,18597,5062027,700,0,89,1,0,0,137,375,0
16x32,111,18594,5058197,698,0,89,1,0,0,137,375,0
16x32,112,18614,5064853,698,0,89,1,0,0,137,375,0
16x32,113,18625,5067181,699,0,89,1,0,0,137,375,0
16x32,114,18634,5068370,701,0,89,1,0,0,137,375,0
16x32,115,18656,5073137,703,0,89,1,0,0,137,375,0
16x32,116,18635,5068757,704,0,89,1,0,0,137,375,0
16x32,117,18631,5070625,704,0,89,1,0,0,136,376,0
16x32,118,18610,5065998,704,0,89,1,0,0,137,375,0
16x32,119,18602,5066867,704,0,89,1,0,0,137,375,0
16x32,120,18603,5065962,703,0,89,1,0,0,137,375,0
16x32,121,18615,5068413,702,0,89,1,0,0,137,375,0
16x32,122,18610,5065505,701,0,89,1,0,0,137,375,0
16x32,123,18591,5057200,701,0,89,1,0,0,137,375,0
16x32,124,18599,5056709,700,0,89,1,0,0,137,375,0
16x32,125,18597,5055455,700,0,89,1,0,0,137,375,0
16x32,126,18589,5053254,700,0,89,1,0,0,137,375,0
16x32,127,18599,5057398,700,0,89,1,0,0,137,375,0
16x32,128,18588,5053886,700,0,89,1,0,0,137,375,0
16x32,129,18594,5055105,699,0,89,1,0,0,137,375,0
16x32,130,18590,5055727,700,0,89,1,0,0,137,375,0
16x32,131,18601,5056236,700,0,89,1,0,0,137,375,0
16x32,132,18602,5060073,700,0,89,1,0,0,137,375,0
16x32,133,18604,5062781,700,0,89,1,0,0,137,375,0
16x32,134,18610,5065545,700,0,89,1,0,0,137,375,0
16x32,135,18629,5071374,701,0,89,1,0,0,137,375,0
16x32,136,18633,5072146,701,0,89,1,0,0,137,375,0
16x32,137,18612,5064905,701,0,89,1,0,0,137,375,0
16x32,138,18609,5060337,702,0,89,1,0,0,137,375,0
16x32,139,18627,5063995,702,0,89,1,0,0,137,375,0
16x32,140,18639,5068485,702,0,89,1,0,0,137,375,0
16x32,141,18649,5069682,702,0,89,1,0,0,137,375,0
16x32,142,18646,5068527,701,0,89,1,0,0,137,375,0
16x32,143,18644,5066454,701,0,89,1,0,0,137,375,0
16x32,144,18642,5064508,701,0,89,1,0,0,137,375,0
16x32,145,18639,5061264,701,0,89,1,0,0,137,375,0
16x32,146,18632,5060303,701,0,89,1,0,0,137,375,0
16x32,147,18629,5063199,702,0,89,1,0,0,137,375,0
16x32,148,18618,5065063,703,0,89,1,0,0,137,375,0
16x32,149,18630,5067650,703,0,89,1,0,0,137,375,0
16x32,150,18659,5072383,702,0,89,1,0,0,137,375,0
16x32,151,29482,7852989,701,0,89,1,0,0,137,323,0
16x32,152,30466,8108090,701,0,89,1,0,0,137,323,0
16x32,153,30646,8151433,702,0,141,5,0,0,137,323,0
16x32,154,30688,8161168,703,0,141,5,0,0,225,287,0
16x32,155,30718,8168433,703,0,141,5,0,0,225,287,0
16x32,156,30739,8170866,702,0,141,5,0,0,225,287,0
16x32,157,30743,8171448,701,0,141,5,0,0,225,287,0
16x32,158,30764,8174972,702,0,141,5,0,0,225,287,0
16x32,159,30780,8182146,702,0,141,5,0,0,225,287,0
16x32,160,30772,8181224,702,0,141,5,0,0,225,287,0
16x32,161,30780,8181008,702,0,141,5,0,0,225,287,0
16x32,162,30797,8187658,702,0,142,5,0,0,225,287,0
16x32,163,30798,8189262,702,0,142,5,0,0,226,286,0
16x32,164,30768,8185204,702,0,142,5,0,0,226,286,0
16x32,165,30760,8180242,702,0,142,5,0,0,226,286,0
16x32,166,30747,8179149,701,0,142,5,0,0,226,286,0
16x32,167,30752,8178701,701,0,142,5,0,0,226,286,0
16x32,168,30737,8170208,701,0,143,5,0,0,226,286,0
16x32,169,30728,8172992,701,0,143,5,0,0,227,285,0
16x32,170,30719,8168552,702,0,144,5,0,0,227,285,0
16x32,171,30732,8174665,702,0,144,5,0,0,228,284,0
16x32,172,30728,8172108,702,0,145,5,0,0,228,284,0
16x32,173,30728,8171501,702,0,146,5,0,0,229,283,0
16x32,174,30753,8178553,702,0,146,5,0,0,229,283,0
16x32,175,30749,8176581,701,0,146,5,0,0,230,282,0
16x32,176,30740,8174380,701,0,146,5,0,0,230,282,0
16x32,177,30742,8173194,701,0,146,5,0,0,229,283,0
16x32,178,30760,8177148,701,0,146,5,0,0,228,284,0
16x32,179,30782,8182404,701,0,146,5,0,0,230,282,0
16x32,180,30784,8182972,701,0,146,5,0,0,230,282,0
16x32,181,30758,8177853,701,0,146,5,0,0,230,282,0
16x32,182,30764,8178519,701,0,146,5,0,0,230,282,0
16x32,183,30758,8177076,702,0,146,5,0,0,229,283,0
16x32,184,30757,8175748,702,0,146,5,0,0,229,283,0
16x32,185,30758,8177456,702,0,146,5,0,0,230,282,0
16x32,186,30740,8171630,702,0,146,5,0,0,230,282,0
16x32,187,30717,8168925,702,0,146,5,0,0,230,282,0
16x32,188,30717,8168095,701,0,146,5,0,0,230,282,0
16x32,189,30703,8162130,702,0,146,5,0,0,229,283,0
16x32,190,30705,8163421,701,0,146,5,0,0,230,282,0
16x32,191,30720,8168390,701,0,146,5,0,0,230,282,0
16x32,192,30747,8173681,701,0,146,5,0,0,230,282,0
16x32,193,30729,8166339,701,0,146,5,0,0,230,282,0
16x32,194,30755,8172923,701,0,146,5,0,0,230,282,0
16x32,195,30759,8176253,701,1,146,5,0,0,230,282,0
16x32,196,30749,8175181,701,0,146,5,0,0,230,282,0
16x32,197,30770,8179402,701,0,146,5,0,0,230,282,0
16x32,198,30762,8174101,701,0,146,5,0,0,230,282,0
16x32,199,30760,8174100,701,0,147,5,0,0,230,282,0
16x32,200,30679,8153756,701,0,147,5,0,0,231,281,0
16x32,201,9986,2323027,483,0,147,5,0,0,222,285,0
16x32,202,7841,1728050,504,0,147,5,2,0,214,293,0
16x32,203,7419,1612314,505,-1,151,6,1,3,216,291,0
16x32,204,7259,1569375,505,-1,151,6,1,0,225,284,0
16x32,205,7212,1558325,505,-1,149,6,1,0,226,283,0
16x32,206,7192,1554571,504,0,8,4,0,5,230,279,0
16x32,207,7171,1546911,505,0,8,4,0,0,32,476,0
16x32,208,7170,1546640,505,0,8,4,0,0,34,474,0
16x32,209,7126,1537874,504,-1,8,4,0,4,32,476,0
16x32,210,7111,1533088,506,-1,8,4,0,0,34,474,0
16x32,211,7094,1532629,504,0,8,4,0,0,31,477,0
16x32,212,7092,1530995,506,0,8,4,0,4,33,475,0
16x32,213,7103,1533362,505,0,8,4,0,0,33,475,0
16x32,214,7080,1524644,506,0,8,4,0,0,34,474,0
16x32,215,7079,1525707,505,0,8,4,0,4,34,474,0
16x32,216,7064,1518196,506,0,8,4,0,0,34,474,0
16x32,217,7069,1519544,507,-1,8,4,0,0,33,475,0
16x32,218,7065,1521893,505,0,8,4,0,4,34,474,0
16x32,219,7077,1522476,505,-1,8,4,0,0,34,474,0
16x32,220,7071,1522197,504,0,8,4,0,0,34,474,0
16x32,221,7075,1520905,505,0,8,4,0,4,32,476,0
16x32,222,7074,1520546,505,0,8,4,0,0,31,477,0
16x32,223,7083,1523774,505,0,8,4,0,0,33,475,0
16x32,224,7076,1521871,504,0,8,4,0,4,32,476,0
16x32,225,7067,1517837,504,0,8,4,0,0,33,475,0
16x32,226,7065,1517206,504,0,8,4,0,0,34,474,0
16x32,227,7074,1521997,504,0,8,4,0,4,32,476,0
16x32,228,7092,1529075,504,0,8,4,0,0,33,475,0
16x32,229,7087,1526038,505,0,8,4,0,0,34,474,0
16x32,230,7095,1528909,505,0,8,4,0,4,34,474,0
16x32,231,7091,1526053,504,0,8,4,0,0,34,474,0
16x32,232,7090,1525238,504,0,8,4,0,0,33,475,0
16x32,233,7096,1525768,504,0,8,4,0,4,34,474,0
16x32,234,7084,1525246,504,0,8,4,0,0,33,475,0
16x32,235,7088,1525314,505,0,8,4,0,0,34,474,0
16x32,236,7093,1525757,504,0,8,4,0,4,34,474,0
16x32,237,7102,1528077,504,0,8,4,0,0,34,474,0
16x32,238,7125,1533451,505,0,8,4,0,0,34,474,0
16x32,239,7123,1532816,505,0,8,4,0,4,34,474,0
16x32,240,7116,1529661,505,0,8,4,0,0,34,474,0
16x32,241,7098,1526033,505,0,8,4,0,0,33,475,0
16x32,242,7114,1528995,505,0,8,4,0,4,33,475,0
16x32,243,7115,1526618,505,0,8,4,0,0,34,474,0
16x32,244,7107,1527025,504,0,8,4,0,0,34,474,0
16x32,245,7111,1532057,504,0,8,4,0,4,33,475,0
16x32,246,7107,1531290,505,0,8,4,0,0,34,474,0
16x32,247,7104,1529764,505,0,8,4,0,0,34,474,0
16x32,248,7087,1524652,504,0,8,4,0,4,34,474,0
16x32,249,7089,1525245,504,0,8,4,0,0,33,475,0
16x32,250,7159,1547231,504,0,8,4,0,0,33,475,0
16x32,251,19586,7596006,624,0,8,4,4,3,34,390,0
16x32,252,21141,8260080,645,0,8,4,4,0,34,389,0
16x32,253,21457,8386962,649,0,100,6,4,0,34,389,0
16x32,254,21555,8426686,648,-1,106,6,4,0,174,338,0
16x32,255,21589,8440950,648,0,111,5,3,0,182,330,0
16x32,256,21612,8449940,648,-1,105,2,0,0,188,324,0
16x32,257,21663,8465463,651,0,105,2,0,0,161,351,0
16x32,258,21696,8477803,651,0,105,2,0,0,161,351,0
16x32,259,21723,8487907,651,0,105,2,0,0,161,351,0
16x32,260,21733,8492694,651,0,107,2,0,0,161,351,0
16x32,261,21724,8488662,650,0,107,2,0,0,165,347,0
16x32,262,21695,8480901,650,0,107,2,0,0,165,347,0
16x32,263,21692,8477326,651,0,107,2,0,0,165,347,0
16x32,264,21697,8477855,651,0,107,2,0,0,165,347,0
16x32,265,21725,8487229,650,0,107,2,0,0,164,348,0
16x32,266,21716,8482672,650,0,107,2,0,0,163,349,0
16x32,267,21724,8487511,650,0,108,2,0,0,165,347,0
16x32,268,21743,8495336,652,0,108,2,0,0,166,346,0
16x32,269,21738,8493028,651,0,108,2,0,0,166,346,0
16x32,270,21736,8494357,649,0,108,2,0,0,166,346,0
16x32,271,21729,8491819,648,0,108,2,0,0,165,347,0
16x32,272,21737,8492642,649,0,108,2,0,0,166,346,0
16x32,273,21736,8489606,649,0,108,2,0,0,166,346,0
16x32,274,21741,8489721,648,0,108,2,0,0,166,346,0
16x32,275,21745,8493076,648,0,108,2,0,0,166,346,0
16x32,276,21729,8489527,649,0,108,2,0,0,166,346,0
16x32,277,21710,8483143,649,0,108,2,0,0,165,347,0
16x32,278,21712,8484767,649,0,108,2,0,0,166,346,0
16x32,279,21700,8479217,648,0,108,2,0,0,166,346,0
16x32,280,21688,8478079,648,0,108,2,0,0,166,346,0
16x32,281,21673,8476794,648,0,108,2,0,0,166,346,0
16x32,282,21686,8480811,648,0,108,2,0,0,166,346,0
16x32,283,21700,8485066,648,0,108,2,0,0,166,346,0
16x32,284,21719,8489378,648,0,108,2,0,0,166,346,0
16x32,285,21709,8485594,648,0,108,2,0,0,166,346,0
16x32,286,21709,8486408,648,0,108,2,0,0,166,346,0
16x32,287,21712,8485306,647,0,108,2,0,0,166,346,0
16x32,288,21705,8485570,648,0,108,2,0,0,166,346,0
16x32,289,21702,8483178,648,0,108,2,0,0,166,346,0
16x32,290,21676,8476266,648,0,108,2,0,0,166,346,0
16x32,291,21685,8479178,648,0,108,2,0,0,166,346,0
16x32,292,21694,8480345,648,0,108,2,0,0,166,346,0
16x32,293,21697,8480824,648,0,108,2,0,0,166,346,0
16x32,294,21690,8480697,648,0,108,2,0,0,165,347,0
16x32,295,21691,8479030,648,0,108,2,0,0,166,346,0
16x32,296,21696,8480029,648,0,108,2,0,0,166,346,0
16x32,297,21688,8478036,648,0,108,2,0,0,166,346,0
16x32,298,21687,8477506,649,0,108,2,0,0,166,346,0
16x32,299,21680,8475661,649,0,108,2,0,0,166,346,0
16x32,300,21671,8475883,649,0,108,2,0,0,166,346,0
16x32,301,27699,10884102,648,0,108,2,0,0,166,344,0
16x32,302,28334,11133728,648,0,108,2,0,0,166,344,0
16x32,303,28459,11183701,648,0,123,1,0,0,166,344,0
16x32,304,28499,11198417,648,0,128,1,0,0,170,342,0
16x32,305,28511,11205720,648,0,128,1,0,0,170,342,0
16x32,306,28497,11203107,648,0,128,1,0,0,170,342,0
16x32,307,28499,11207486,648,0,128,1,0,0,170,342,0
16x32,308,28495,11206372,648,0,128,1,0,0,170,342,0
16x32,309,28510,11211694,648,0,128,1,0,0,170,342,0
16x32,310,28511,11211886,648,0,128,1,0,0,170,342,0
16x32,311,28514,11211488,649,0,128,1,0,0,170,342,0
16x32,312,28530,11214850,649,0,128,1,0,0,170,342,0
16x32,313,28535,11214925,649,0,128,1,0,0,170,342,0
16x32,314,28539,11214932,649,0,128,1,0,0,170,342,0
16x32,315,28541,11214977,649,0,128,1,0,0,170,342,0
16x32,316,28547,11219654,650,0,128,1,0,0,170,342,0
16x32,317,28544,11220616,650,0,128,1,0,0,170,342,0
16x32,318,28532,11219740,650,0,128,1,0,0,170,342,0
16x32,319,28537,11220871,649,0,128,1,0,0,170,342,0
16x32,320,28558,11225508,648,0,128,1,0,0,169,343,0
16x32,321,28541,11223485,648,0,128,1,0,0,170,342,0
16x32,322,28540,11223197,648,0,128,1,0,0,170,342,0
16x32,323,28529,11225137,647,0,128,1,0,0,170,342,0
16x32,324,28524,11222655,647,0,128,1,0,0,170,342,0
16x32,325,28545,11226383,647,0,128,1,0,0,170,342,0
16x32,326,28555,11228631,647,0,128,1,0,0,170,342,0
16x32,327,28566,11229999,647,0,128,1,0,0,170,342,0
16x32,328,28564,11231215,648,0,128,1,0,0,170,342,0
16x32,329,28564,11231959,648,0,128,1,0,0,170,342,0
16x32,330,28564,11229196,648,0,128,1,0,0,170,342,0
16x32,331,28555,11228570,648,0,128,1,0,0,170,342,0
16x32,332,28544,11224397,648,0,128,1,0,0,170,342,0
16x32,333,28538,11222951,647,0,128,1,0,0,170,342,0
16x32,334,28535,11219647,647,0,128,1,0,0,170,342,0
16x32,335,28532,11219595,647,0,128,1,0,0,170,342,0
16x32,336,28533,11218565,646,0,128,1,0,0,170,342,0
16x32,337,28518,11214264,646,0,128,1,0,0,170,342,0
16x32,338,28509,11210499,646,0,128,1,0,0,170,342,0
16x32,339,28520,11213706,646,0,128,1,0,0,170,342,0
16x32,340,28524,11215554,646,0,128,1,0,0,170,342,0
16x32,341,28534,11222455,647,0,128,1,0,0,170,342,0
16x32,342,28539,11221570,648,0,128,1,0,0,169,343,0
16x32,343,28550,11225309,648,0,128,1,0,0,170,342,0
16x32,344,28560,11225988,648,0,128,1,0,0,170,342,0
16x32,345,28572,11232856,649,0,128,1,0,0,170,342,0
16x32,346,28530,11220230,649,0,128,1,0,0,170,342,0
16x32,347,28539,11222201,649,0,128,1,0,0,170,342,0
16x32,348,28543,11222851,649,0,128,1,0,0,170,342,0
16x32,349,28533,11222517,649,0,128,1,0,0,170,342,0
16x32,350,28539,11223496,649,0,128,1,0,0,170,342,0
16x32,351,28538,11222101,649,0,128,1,0,0,170,342,0
16x32,352,28559,11228222,648,0,128,1,0,0,170,342,0
16x32,353,28549,11226616,648,0,128,1,0,0,170,342,0
16x32,354,28549,11224916,647,0,128,1,0,0,170,342,0
16x32,355,28537,11224594,647,0,128,1,0,0,170,342,0
16x32,356,28548,11225366,647,0,128,1,0,0,170,342,0
16x32,357,28526,11219733,647,0,128,1,0,0,170,342,0
16x32,358,28541,11221482,647,0,128,1,0,0,170,342,0
16x32,359,28552,11221332,648,0,128,1,0,0,170,342,0
16x32,360,28554,11220841,648,0,128,1,0,0,170,342,0
16x32,361,28561,11224003,648,0,128,1,0,0,170,342,0
16x32,362,28550,11221873,648,-1,128,1,0,0,170,342,0
16x32,363,28560,11226678,648,0,128,1,0,0,170,342,0
16x32,364,28568,11226256,648,0,128,1,0,0,170,342,0
16x32,365,28584,11230641,647,0,128,1,0,0,170,342,0
16x32,366,28589,11233481,647,0,128,1,0,0,170,342,0
16x32,367,28594,11234100,647,0,128,1,0,0,170,342,0
16x32,368,28589,11228293,647,0,128,1,0,0,170,342,0
16x32,369,28582,11226998,648,0,128,1,0,0,170,342,0
16x32,370,28576,11227836,649,0,128,1,0,0,170,342,0
16x32,371,28581,11231518,649,0,128,1,0,0,170,342,0
16x32,372,28574,11227556,649,0,128,1,0,0,170,342,0
16x32,373,28561,11222001,649,0,128,1,0,0,170,342,0
16x32,374,28569,11225508,649,0,128,1,0,0,170,342,0
16x32,375,28560,11223274,649,0,128,1,0,0,170,342,0
16x32,376,28551,11223147,649,0,128,1,0,0,170,342,0
16x32,377,28543,11222358,648,0,128,1,0,0,170,342,0
16x32,378,28538,11219214,648,0,128,1,0,0,170,342,0
16x32,379,28550,11219851,648,0,128,1,0,0,170,342,0
16x32,380,28550,11223366,648,0,128,1,0,0,170,342,0
16x32,381,28559,11225117,649,0,128,1,0,0,170,342,0
16x32,382,28556,11224863,649,0,128,1,0,0,170,342,0
16x32,383,28550,11222904,649,0,128,1,0,0,170,342,0
16x32,384,28548,11225942,649,0,128,1,0,0,170,342,0
16x32,385,28558,11226452,649,0,128,1,0,0,170,342,0
16x32,386,28548,11225734,649,0,128,1,0,0,170,342,0
16x32,387,28556,11227597,649,0,128,1,0,0,170,342,0
16x32,388,28557,11226938,649,0,128,1,0,0,170,342,0
16x32,389,28569,11229037,650,0,128,1,0,0,170,342,0
16x32,390,28571,11229780,649,0,128,1,0,0,170,342,0
16x32,391,28575,11226947,649,0,128,1,0,0,170,342,0
16x32,392,28580,11229560,649,0,128,1,0,0,170,342,0
16x32,393,28591,11232119,649,0,128,1,0,0,170,342,0
16x32,394,28582,11230333,650,0,128,1,0,0,170,342,0
16x32,395,28583,11229805,650,0,128,1,0,0,170,342,0
16x32,396,28567,11225925,651,1,128,1,0,0,170,342,0
16x32,397,28556,11223666,652,0,128,1,0,0,170,342,0
16x32,398,28532,11218279,652,0,128,1,0,0,170,342,0
16x32,399,28538,11220343,651,0,128,1,0,0,170,342,0
16x32,400,28547,11224247,651,0,128,1,0,0,170,342,0
16x32,401,28537,11220953,650,0,128,1,0,0,170,342,0
16x32,402,28539,11221896,650,0,128,1,0,0,169,343,0
16x32,403,28549,11222707,650,0,128,1,0,0,170,342,0
16x32,404,28544,11220718,650,0,128,1,0,0,170,342,0
16x32,405,28544,11220647,651,0,128,1,0,0,170,342,0
16x32,406,28544,11220218,650,0,128,1,0,0,170,342,0
16x32,407,28537,11215775,650,0,128,1,0,0,170,342,0
16x32,408,28539,11214660,650,0,128,1,0,0,170,342,0
16x32,409,28529,11210976,650,0,128,1,0,0,169,343,0
16x32,410,28552,11218382,650,0,128,1,0,0,170,342,0
16x32,411,28558,11221611,650,0,128,1,0,0,170,342,0
16x32,412,28547,11221249,650,0,128,1,0,0,170,342,0
16x32,413,28557,11224093,649,-1,128,1,0,0,170,342,0
16x32,414,28562,11224656,648,-1,128,1,0,0,170,342,0
16x32,415,28562,11225539,648,0,128,1,0,0,170,342,0
16x32,416,28557,11223864,648,0,128,1,0,0,170,342,0
16x32,417,28550,11221324,648,0,128,1,0,0,170,342,0
16x32,418,28552,11221953,648,0,128,1,0,0,170,342,0
16x32,419,28575,11229067,648,0,128,1,0,0,170,342,0
16x32,420,28563,11228191,648,0,128,1,0,0,170,342,0
16x32,421,28573,11229489,648,0,128,1,0,0,170,342,0
16x32,422,28556,11224647,648,0,128,1,0,0,170,342,0
16x32,423,28561,11224843,648,0,128,1,0,0,170,342,0
16x32,424,28561,11223247,648,0,128,1,0,0,170,342,0
16x32,425,28562,11225097,648,0,128,1,0,0,170,342,0
16x32,426,28558,11225172,648,0,128,1,0,0,170,342,0
16x32,427,28563,11226746,647,0,128,1,0,0,170,342,0
16x32,428,28555,11228354,647,0,128,1,0,0,170,342,0
16x32,429,28547,11224269,647,0,128,1,0,0,170,342,0
16x32,430,28547,11224368,648,0,128,1,0,0,170,342,0
16x32,431,28522,11214459,648,0,128,1,0,0,170,342,0
16x32,432,28532,11215666,649,0,128,1,0,0,170,342,0
16x32,433,28507,11209598,649,0,128,1,0,0,170,342,0
16x32,434,28504,11208745,648,0,128,1,0,0,170,342,0
16x32,435,28486,11199285,646,0,128,1,0,0,170,342,0
16x32,436,28461,11184546,645,0,128,1,0,0,170,342,0
16x32,437,28444,11179224,644,0,128,1,0,0,170,342,0
16x32,438,28419,11165883,643,0,128,1,0,0,170,342,0
16x32,439,28376,11148538,642,0,128,1,0,0,170,342,0
16x32,440,28358,11140428,641,0,128,1,0,0,170,342,0
16x32,441,28295,11118458,640,0,128,1,0,0,170,342,0
16x32,442,28256,11101608,639,0,128,1,0,0,170,342,0
16x32,443,28192,11079366,639,0,128,1,0,0,170,342,0
16x32,444,28139,11063387,639,0,128,1,0,0,170,342,0
16x32,445,28120,11053043,639,0,128,1,0,0,170,342,0
16x32,446,28108,11047803,639,0,128,1,0,0,170,342,0
16x32,447,28080,11034623,638,0,128,1,0,0,170,342,0
16x32,448,28051,11020516,636,0,128,1,0,0,170,342,0
16x32,449,28023,11007403,636,0,128,1,0,0,170,342,0
16x32,450,27998,10995432,635,-1,128,1,0,0,170,342,0
16x32,451,27954,10979365,634,0,128,1,0,0,170,342,0
16x32,452,27875,10953854,632,0,128,1,0,0,170,342,0
16x32,453,27823,10933862,631,0,128,1,0,0,170,342,0
16x32,454,27747,10908341,629,0,128,1,0,0,170,342,0
16x32,455,27713,10893576,629,0,128,1,0,0,170,342,0
16x32,456,27677,10879454,628,0,128,1,0,0,169,343,0
16x32,457,27651,10870070,627,0,128,1,0,0,170,342,0
16x32,458,27607,10854731,626,0,128,1,0,0,170,342,0
16x32,459,27571,10841223,625,0,128,1,0,0,170,342,0
16x32,460,27547,10827146,624,0,128,1,0,0,170,342,0
16x32,461,27497,10807422,623,0,128,1,0,0,170,342,0
16x32,462,27461,10793134,622,0,128,1,0,0,170,342,0
16x32,463,27435,10780164,621,0,128,1,0,0,170,342,0
16x32,464,27391,10765125,620,0,128,1,0,0,170,342,0
16x32,465,27352,10753188,619,-1,128,1,0,0,170,342,0
16x32,466,27309,10737457,618,0,128,1,0,0,170,342,0
16x32,467,27288,10726899,617,0,128,1,0,0,170,342,0
16x32,468,27270,10717222,617,0,128,1,0,0,170,342,0
16x32,469,27238,10701366,617,0,128,1,0,0,170,342,0
16x32,470,27212,10690676,616,0,128,1,0,0,170,342,0
16x32,471,27177,10679752,614,0,128,1,0,0,170,342,0
16x32,472,27155,10666685,613,0,128,1,0,0,170,342,0
16x32,473,27107,10647801,612,0,128,1,0,0,170,342,0
16x32,474,27060,10628976,612,0,128,1,0,0,170,342,0
16x32,475,27014,10610190,612,0,128,1,0,0,170,342,0
16x32,476,26958,10588619,612,0,128,1,0,0,170,342,0
16x32,477,26914,10573610,612,0,128,1,0,0,170,342,0
16x32,478,26898,10561317,612,0,128,1,0,0,170,342,0
16x32,479,26852,10544617,611,0,128,1,0,0,170,342,0
16x32,480,26815,10531432,610,0,128,1,0,0,169,343,0
16x32,481,26796,10525407,610,0,128,1,0,0,170,342,0
16x32,482,26762,10510067,609,0,128,1,0,0,170,342,0
16x32,483,26721,10494586,607,0,128,1,0,0,170,342,0
16x32,484,26681,10478602,605,0,128,1,0,0,170,342,0
16x32,485,26659,10468264,603,0,128,1,0,0,170,342,0
16x32,486,26626,10456748,603,0,128,1,0,0,170,342,0
16x32,487,26596,10441293,602,0,128,1,0,0,170,342,0
16x32,488,26557,10426461,601,0,128,1,0,0,170,342,0
16x32,489,26538,10413523,599,0,128,1,0,0,170,342,0
16x32,490,26493,10398297,597,0,128,1,0,0,170,342,0
16x32,491,26456,10383464,597,0,128,1,0,0,170,342,0
16x32,492,26414,10368579,596,0,128,1,0,0,170,342,0
16x32,493,26382,10357468,596,0,128,1,0,0,170,342,0
16x32,494,26349,10343879,595,-1,128,1,0,0,170,342,0
16x32,495,26303,10329961,595,-1,128,1,0,0,170,342,0
16x32,496,26275,10316196,594,0,128,1,0,0,170,342,0
16x32,497,26221,10296120,593,0,128,1,0,0,170,342,0
16x32,498,26175,10278851,591,0,128,1,0,0,170,342,0
16x32,499,26144,10266407,589,0,128,1,0,0,170,342,0
16x32,500,26126,10254555,589,0,128,1,0,0,170,342,0
16x32,501,26099,10244102,589,0,128,1,0,0,170,342,0
16x32,502,26065,10228956,588,0,128,1,0,0,170,342,0
16x32,503,26022,10215226,587,0,128,1,0,0,170,342,0
16x32,504,26001,10206278,587,0,128,1,0,0,170,342,0
16x32,505,25961,10195706,586,0,128,1,0,0,170,342,0
16x32,506,25936,10183829,586,0,128,1,0,0,170,342,0
16x32,507,25918,10172519,586,0,128,1,0,0,170,342,0
16x32,508,25863,10151757,585,0,128,1,0,0,170,342,0
16x32,509,25824,10136635,585,0,128,1,0,0,170,342,0
16x32,510,25785,10121586,584,0,128,1,0,0,170,342,0
16x32,511,25739,10104512,583,0,128,1,0,0,170,342,0
16x32,512,25720,10093185,583,0,128,1,0,0,170,342,0
16x32,513,25692,10081288,582,0,128,1,0,0,170,342,0
16x32,514,25656,10068831,580,0,128,1,0,0,169,343,0
16x32,515,25610,10051409,579,0,128,1,0,0,170,342,0
16x32,516,25591,10042474,579,0,128,1,0,0,170,342,0
16x32,517,25583,10036279,578,0,128,1,0,0,170,342,0
16x32,518,25542,10024931,576,0,128,1,0,0,170,342,0
16x32,519,25504,10010754,575,0,128,1,0,0,170,342,0
16x32,520,25464,9995035,574,0,128,1,0,0,170,342,0
16x32,521,25425,9982566,574,0,128,1,0,0,170,342,0
16x32,522,25389,9969190,573,0,128,1,0,0,170,342,0
16x32,523,25358,9956549,573,0,128,1,0,0,170,342,0
16x32,524,25330,9942474,572,0,128,1,0,0,170,342,0
16x32,525,25301,9931438,572,0,128,1,0,0,170,342,0
16x32,526,25252,9913101,571,0,128,1,0,0,170,342,0
16x32,527,25219,9895353,570,0,128,1,0,0,170,342,0
16x32,528,25159,9875223,569,0,128,1,0,0,170,342,0
16x32,529,25124,9861133,568,0,128,1,0,0,170,342,0
16x32,530,25095,9849769,567,0,128,1,0,0,170,342,0
16x32,531,25080,9840157,565,0,128,1,0,0,170,342,0
16x32,532,25061,9832268,565,0,128,1,0,0,170,342,0
16x32,533,25034,9820919,565,0,128,1,0,0,170,342,0
16x32,534,25002,9806421,565,0,128,1,0,0,170,342,0
16x32,535,24952,9789646,564,0,128,1,0,0,170,342,0
16x32,536,24921,9776201,563,0,128,1,0,0,170,342,0
16x32,537,24878,9758305,561,0,128,1,0,0,170,342,0
16x32,538,24854,9749350,559,-1,128,1,0,0,170,342,0
16x32,539,24793,9731488,558,0,128,1,0,0,170,342,0
16x32,540,24762,9718202,557,0,128,1,0,0,170,342,0
16x32,541,24742,9708329,556,0,128,1,0,0,170,342,0
16x32,542,24703,9689641,555,0,128,1,0,0,170,342,0
16x32,543,24692,9683851,555,0,128,1,0,0,170,342,0
16x32,544,24664,9669771,555,0,128,1,0,0,170,342,0
16x32,545,24641,9660147,555,0,128,1,0,0,170,342,0
16x32,546,24590,9641255,555,0,128,1,0,0,170,342,0
16x32,547,24560,9633838,555,0,128,1,0,0,170,342,0
16x32,548,24530,9620808,554,0,128,1,0,0,170,342,0
16x32,549,24510,9612350,554,0,128,1,0,0,170,342,0
16x32,550,24459,9595081,553,0,128,1,0,0,170,342,0
16x32,551,24448,9584468,552,0,128,1,0,0,170,342,0
16x32,552,24427,9574813,552,0,128,1,0,0,170,342,0
16x32,553,24384,9556742,551,0,128,1,0,0,170,342,0
16x32,554,24342,9540638,550,0,128,1,0,0,170,342,0
16x32,555,24305,9528502,548,-1,128,1,0,0,170,342,0
16x32,556,24283,9520320,547,0,128,1,0,0,170,342,0
16x32,557,24278,9515935,547,0,128,1,0,0,170,342,0
16x32,558,24247,9504785,546,0,128,1,0,0,170,342,0
16x32,559,24212,9491664,546,0,128,1,0,0,170,342,0
16x32,560,24185,9477822,545,0,128,1,0,0,170,342,0
16x32,561,24136,9458967,545,0,128,1,0,0,170,342,0
16x32,562,24098,9442054,544,0,128,1,0,0,170,342,0
16x32,563,24060,9432374,543,0,128,1,0,0,170,342,0
16x32,564,24010,9415220,540,0,128,1,0,0,170,342,0
16x32,565,23965,9397208,539,0,128,1,0,0,170,342,0
16x32,566,23939,9385065,538,0,128,1,0,0,170,342,0
16x32,567,23910,9374609,538,0,128,1,0,0,170,342,0
16x32,568,23877,9361962,538,0,128,1,0,0,170,342,0
16x32,569,23837,9345525,538,0,128,1,0,0,170,342,0
16x32,570,23817,9334107,538,0,128,1,0,0,170,342,0
16x32,571,23793,9322462,537,0,128,1,0,0,170,342,0
16x32,572,23763,9307811,536,0,128,1,0,0,170,342,0
16x32,573,23740,9302027,535,0,128,1,0,0,170,342,0
16x32,574,23720,9295559,535,0,128,1,0,0,170,342,0
16x32,575,23692,9288025,534,0,128,1,0,0,170,342,0
16x32,576,23637,9269139,532,0,128,1,0,0,170,342,0
16x32,577,23596,9252564,531,0,128,1,0,0,170,342,0
16x32,578,23554,9236755,531,0,128,1,0,0,170,342,0
16x32,579,23514,9223637,530,0,128,1,0,0,170,342,0
16x32,580,23485,9212895,529,0,128,1,0,0,170,342,0
16x32,581,23467,9204625,528,0,128,1,0,0,170,342,0
16x32,582,23430,9191338,527,0,128,1,0,0,170,342,0
16x32,583,23401,9177281,526,0,128,1,0,0,170,342,0
16x32,584,23376,9166202,525,0,128,1,0,0,169,343,0
16x32,585,23353,9156773,525,0,128,1,0,0,170,342,0
16x32,586,23332,9147799,525,0,128,1,0,0,170,342,0
16x32,587,23299,9132959,525,0,128,1,0,0,170,342,0
16x32,588,23266,9121756,525,0,128,1,0,0,170,342,0
16x32,589,23231,9108512,524,0,128,1,0,0,170,342,0
16x32,590,23202,9098396,524,0,128,1,0,0,170,342,0
16x32,591,23153,9082773,523,0,128,1,0,0,170,342,0
16x32,592,23119,9072107,523,0,128,1,0,0,170,342,0
16x32,593,23064,9049443,523,1,128,1,0,0,170,342,0
16x32,594,23041,9038568,521,-1,128,1,0,0,170,342,0
16x32,595,23006,9026277,520,0,128,1,0,0,170,342,0
16x32,596,22963,9010035,520,0,128,1,0,0,170,342,0
16x32,597,22929,8994197,519,0,128,1,0,0,170,342,0
16x32,598,22896,8981636,518,0,128,1,0,0,170,342,0
16x32,599,22869,8968124,517,0,128,1,0,0,170,342,0
32x12,0,261,132338,4,-3,0,0,0,0,0,384,0
32x12,1,395,201766,5,-3,0,0,0,0,0,384,0
32x12,2,451,225351,5,-3,0,0,0,0,0,384,0
32x12,3,506,248759,6,-1,0,0,0,0,0,384,0
32x12,4,513,256265,5,0,0,0,0,0,0,384,0
32x12,5,520,255924,5,-1,0,0,0,0,0,384,0
32x12,6,532,262795,5,-1,0,0,0,0,0,384,0
32x12,7,552,268852,5,-1,0,0,0,0,0,384,0
32x12,8,564,281944,5,-1,0,0,0,0,0,384,0
32x12,9,579,294391,6,0,0,0,0,0,0,384,0
32x12,10,592,301204,5,-1,0,0,0,0,0,384,0
32x12,11,595,304028,5,-1,0,0,0,0,0,384,0
32x12,12,617,316891,5,-1,0,0,0,0,0,384,0
32x12,13,618,310461,5,-1,0,0,0,0,0,384,0
32x12,14,622,312341,5,0,0,0,0,0,0,384,0
32x12,15,627,316130,5,0,0,0,0,0,0,384,0
32x12,16,650,327407,5,0,0,0,0,0,0,384,0
32x12,17,645,322699,6,0,0,0,0,0,0,384,0
32x12,18,664,327811,6,0,0,0,0,0,0,384,0
32x12,19,674,332900,6,0,0,0,0,0,0,384,0
32x12,20,654,322855,5,0,0,0,0,0,0,384,0
32x12,21,660,324239,5,0,0,0,0,0,0,384,0
32x12,22,671,331383,5,0,0,0,0,0,0,384,0
32x12,23,677,329826,5,0,0,0,0,0,0,384,0
32x12,24,708,348228,5,0,0,0,0,0,0,384,0
32x12,25,710,346497,5,0,0,0,0,0,0,384,0
32x12,26,722,356466,6,0,0,0,0,0,0,384,0
32x12,27,705,351686,6,0,0,0,0,0,0,384,0
32x12,28,719,357795,5,0,0,0,0,0,0,384,0
32x12,29,729,361904,5,0,0,0,0,0,0,384,0
32x12,30,757,375440,6,0,0,0,0,0,0,384,0
32x12,31,775,380551,7,0,0,0,0,0,0,384,0
32x12,32,783,383665,7,0,0,0,0,0,0,384,0
32x12,33,782,380746,7,0,0,0,0,0,0,384,0
32x12,34,789,393759,7,0,0,0,0,0,0,384,0
32x12,35,780,386861,7,0,0,0,0,0,0,384,0
32x12,36,780,390523,6,0,0,0,0,0,0,384,0
32x12,37,772,383062,6,0,0,0,0,0,0,384,0
32x12,38,776,386311,6,0,0,0,0,0,0,384,0
32x12,39,771,387686,5,0,0,0,0,0,0,384,0
32x12,40,766,386450,5,0,0,0,0,0,0,384,0
32x12,41,785,395235,5,0,0,0,0,0,0,384,0
32x12,42,789,395584,5,0,0,0,0,0,0,384,0
32x12,43,797,403280,5,0,0,0,0,0,0,384,0
32x12,44,806,407011,6,0,0,0,0,0,0,384,0
32x12,45,827,419931,6,0,0,0,0,0,0,384,0
32x12,46,818,414106,5,0,0,0,0,0,0,384,0
32x12,47,824,415572,6,0,0,0,0,0,0,384,0
32x12,48,830,419038,6,0,0,0,0,0,0,384,0
32x12,49,827,422683,6,0,0,0,0,0,0,384,0
32x12,50,836,425692,6,0,0,0,0,0,0,384,0
32x12,51,817,418792,5,0,0,0,0,0,0,384,0
32x12,52,821,425190,5,0,0,0,0,0,0,384,0
32x12,53,807,419197,6,0,0,0,0,0,0,384,0
32x12,54,808,419904,6,0,0,0,0,0,0,384,0
32x12,55,810,417391,5,0,0,0,0,0,0,384,0
32x12,56,791,410227,6,0,0,0,0,0,0,384,0
32x12,57,807,414824,6,0,0,0,0,0,0,384,0
32x12,58,803,406782,6,0,0,0,0,0,0,384,0
32x12,59,794,400679,6,0,0,0,0,0,0,384,0
32x12,60,802,400018,5,0,0,0,0,0,0,384,0
32x12,61,799,403032,5,0,0,0,0,0,0,384,0
32x12,62,795,400036,5,0,0,0,0,0,0,384,0
32x12,63,794,393792,5,0,0,0,0,0,0,384,0
32x12,64,802,397433,5,0,0,0,0,0,0,384,0
32x12,65,800,399673,6,0,0,0,0,0,0,384,0
32x12,66,814,403254,6,0,0,0,0,0,0,384,0
32x12,67,805,403445,6,0,0,0,0,0,0,384,0
32x12,68,815,410984,6,0,0,0,0,0,0,384,0
32x12,69,810,405758,5,0,0,0,0,0,0,384,0
32x12,70,799,398754,5,0,0,0,0,0,0,384,0
32x12,71,831,414588,5,0,0,0,0,0,0,384,0
32x12,72,840,416547,5,0,0,0,0,0,0,384,0
32x12,73,831,413453,5,0,0,0,0,0,0,384,0
32x12,74,826,412145,5,0,0,0,0,0,0,384,0
32x12,75,829,413431,5,0,0,0,0,0,0,384,0
32x12,76,803,399301,5,0,0,0,0,0,0,384,0
32x12,77,819,409084,5,0,0,0,0,0,0,384,0
32x12,78,826,410070,5,0,0,0,0,0,0,384,0
32x12,79,816,406551,5,-1,0,0,0,0,0,384,0
32x12,80,815,404877,5,0,0,0,0,0,0,384,0
32x12,81,804,400645,5,0,0,0,0,0,0,384,0
32x12,82,795,400015,5,0,0,0,0,0,0,384,0
32x12,83,799,397326,5,0,0,0,0,0,0,384,0
32x12,84,799,398650,5,0,0,0,0,0,0,384,0
32x12,85,789,394021,6,0,0,0,0,0,0,384,0
32x12,86,789,394138,5,0,0,0,0,0,0,384,0
32x12,87,814,403388,5,0,0,0,0,0,0,384,0
32x12,88,805,405872,5,0,0,0,0,0,0,384,0
32x12,89,822,416396,6,0,0,0,0,0,0,384,0
32x12,90,826,422788,5,0,0,0,0,0,0,384,0
32x12,91,832,432626,6,0,0,0,0,0,0,384,0
32x12,92,831,432708,6,0,0,0,0,0,0,384,0
32x12,93,821,426527,6,0,0,0,0,0,0,384,0
32x12,94,816,422854,6,0,0,0,0,0,0,384,0
32x12,95,833,432283,5,0,0,0,0,0,0,384,0
32x12,96,833,427431,6,0,0,0,0,0,0,384,0
32x12,97,823,420906,5,0,0,0,0,0,0,384,0
32x12,98,833,422035,5,0,0,0,0,0,0,384,0
32x12,99,824,416394,5,0,0,0,0,0,0,384,0
32x12,100,872,439454,6,0,0,0,0,0,0,384,0
32x12,101,16329,8464719,680,0,0,0,0,0,0,315,0
32x12,102,17843,9247310,702,0,0,0,0,0,0,315,0
32x12,103,18121,9393642,701,0,69,1,0,0,0,315,0
32x12,104,18203,9436313,701,0,84,1,0,0,109,275,0
32x12,105,18253,9462894,700,0,89,1,0,0,127,257,0
32x12,106,18287,9479550,699,0,89,1,0,0,132,252,0
32x12,107,18294,9480284,697,0,89,1,0,0,132,252,0
32x12,108,18312,9493525,699,0,89,1,0,0,132,252,0
32x12,109,18296,9486313,699,0,89,1,0,0,132,252,0
32x12,110,18309,9494444,701,0,89,1,0,0,132,252,0
32x12,111,18322,9501524,699,0,89,1,0,0,132,252,0
32x12,112,18313,9495466,701,0,89,1,0,0,132,252,0
32x12,113,18315,9501451,703,0,89,1,0,0,132,252,0
32x12,114,18319,9502376,703,0,89,1,0,0,132,252,0
32x12,115,18327,9508732,704,0,89,1,0,0,132,252,0
32x12,116,18334,9510449,706,0,89,1,0,0,132,252,0
32x12,117,18326,9501764,706,0,89,1,0,0,132,252,0
32x12,118,18318,9492168,704,0,89,1,0,0,132,252,0
32x12,119,18312,9493272,701,0,89,1,0,0,132,252,0
32x12,120,18312,9489380,702,0,89,1,0,0,132,252,0
32x12,121,18297,9481812,702,0,89,1,0,0,132,252,0
32x12,122,18305,9484013,702,0,89,1,0,0,132,252,0
32x12,123,18314,9491552,702,0,89,1,0,0,132,252,0
32x12,124,18317,9493189,700,0,89,1,0,0,132,252,0
32x12,125,18305,9486620,699,0,89,1,0,0,132,252,0
32x12,126,18293,9480771,699,0,89,1,0,0,132,252,0
32x12,127,18312,9492073,701,0,89,1,0,0,132,252,0
32x12,128,18302,9487280,702,-1,89,1,0,0,132,252,0
32x12,129,18290,9481266,702,0,89,1,0,0,132,252,0
32x12,130,18308,9488643,703,0,89,1,0,0,132,252,0
32x12,131,18311,9489720,702,0,89,1,0,0,132,252,0
32x12,132,18316,9488891,703,0,89,1,0,0,132,252,0
32x12,133,18315,9491427,703,1,89,1,0,0,132,252,0
32x12,134,18312,9491012,702,1,89,1,0,0,132,252,0
32x12,135,18313,9488978,702,0,89,1,0,0,132,252,0
32x12,136,18303,9483954,702,0,89,1,0,0,132,252,0
32x12,137,18308,9485798,703,0,89,1,0,0,132,252,0
32x12,138,18311,9491039,703,0,89,1,0,0,132,252,0
32x12,139,18308,9492468,703,0,89,1,0,0,132,252,0
32x12,140,18317,9498493,703,0,89,1,0,0,132,252,0
32x12,141,18306,9495722,703,0,89,1,0,0,132,252,0
32x12,142,18304,9488214,702,-1,89,1,0,0,132,252,0
32x12,143,18305,9487820,702,-1,89,1,0,0,132,252,0
32x12,144,18302,9486080,702,0,89,1,0,0,132,252,0
32x12,145,18278,9475814,701,0,89,1,0,0,132,252,0
32x12,146,18278,9472857,701,0,89,1,0,0,132,252,0
32x12,147,18286,9480967,702,0,89,1,0,0,132,252,0
32x12,148,18299,9485917,702,0,89,1,0,0,132,252,0
32x12,149,18278,9468020,702,0,89,1,0,0,132,252,0
32x12,150,18313,9488473,702,0,89,1,0,0,132,252,0
32x12,151,29173,14939951,701,0,89,1,0,0,132,200,0
32x12,152,30163,15437119,701,0,89,1,0,0,132,200,0
32x12,153,30348,15534743,701,0,141,5,0,0,132,200,0
32x12,154,30407,15564841,701,0,141,5,0,0,220,164,0
32x12,155,30427,15581080,701,0,141,5,0,0,220,164,0
32x12,156,30464,15585522,701,0,141,5,0,0,220,164,0
32x12,157,30475,15597202,701,0,141,5,0,0,220,164,0
32x12,158,30482,15600360,700,0,141,5,0,0,220,164,0
32x12,159,30481,15599035,700,0,142,5,0,0,220,164,0
32x12,160,30501,15609098,701,0,143,5,0,0,221,163,0
32x12,161,30508,15605334,702,0,143,5,0,0,222,162,0
32x12,162,30490,15598497,702,0,143,5,0,0,222,162,0
32x12,163,30489,15601733,702,0,143,5,0,0,222,162,0
32x12,164,30499,15613769,703,0,143,5,0,0,222,162,0
32x12,165,30510,15616421,702,0,143,5,0,0,222,162,0
32x12,166,30528,15626434,702,1,143,5,0,0,221,163,0
32x12,167,30511,15619351,701,1,143,5,0,0,222,162,0
32x12,168,30500,15612488,701,0,143,5,0,0,222,162,0
32x12,169,30496,15610647,700,0,143,5,0,0,222,162,0
32x12,170,30488,15609678,700,0,143,5,0,0,222,162,0
32x12,171,30480,15603346,700,0,143,5,0,0,222,162,0
32x12,172,30473,15594216,700,0,143,5,0,0,222,162,0
32x12,173,30474,15595110,701,0,143,5,0,0,222,162,0
32x12,174,30469,15595320,701,0,143,5,0,0,222,162,0
32x12,175,30503,15612628,702,0,143,5,0,0,222,162,0
32x12,176,30508,15611335,702,0,143,5,0,0,222,162,0
32x12,177,30512,15613560,701,0,143,5,0,0,222,162,0
32x12,178,30499,15610393,701,0,143,5,0,0,221,163,0
32x12,179,30492,15607841,700,0,143,5,0,0,222,162,0
32x12,180,30473,15595347,700,0,143,5,0,0,222,162,0
32x12,181,30478,15601596,701,0,143,5,0,0,222,162,0
32x12,182,30461,15591778,701,0,145,5,0,0,222,162,0
32x12,183,30475,15598782,702,1,145,5,0,0,224,160,0
32x12,184,30485,15604849,703,0,145,5,0,0,224,160,0
32x12,185,30493,15609858,703,0,145,5,0,0,224,160,0
32x12,186,30467,15593609,703,0,145,5,0,0,224,160,0
32x12,187,30468,15593030,703,0,145,5,0,0,224,160,0
32x12,188,30472,15592077,702,0,145,5,0,0,224,160,0
32x12,189,30470,15590156,702,0,145,5,0,0,224,160,0
32x12,190,30491,15606289,702,0,145,5,0,0,223,161,0
32x12,191,30470,15602085,702,1,145,5,0,0,224,160,0
32x12,192,30474,15603859,702,1,145,5,0,0,224,160,0
32x12,193,30485,15604999,703,0,145,5,0,0,224,160,0
32x12,194,30496,15612454,702,0,145,5,0,0,224,160,0
32x12,195,30511,15617947,702,0,145,5,0,0,224,160,0
32x12,196,30509,15613733,702,0,145,5,0,0,224,160,0
32x12,197,30505,15613510,702,0,145,5,0,0,224,160,0
32x12,198,30510,15617482,702,0,145,5,0,0,224,160,0
32x12,199,30470,15600636,702,0,145,5,0,0,224,160,0
32x12,200,30401,15563297,702,0,145,5,0,0,224,160,0
32x12,201,9661,4166714,481,0,145,5,0,0,216,165,0
32x12,202,7547,3023877,504,-1,145,5,2,0,206,175,0
32x12,203,7126,2793964,505,-1,150,6,1,1,217,164,0
32x12,204,7017,2745789,505,-1,150,6,1,0,224,159,0
32x12,205,6946,2715119,504,0,150,6,1,0,223,160,0
32x12,206,6902,2690022,506,0,8,4,0,4,223,160,0
32x12,207,6867,2673758,506,0,8,4,0,0,29,351,0
32x12,208,6849,2658086,506,-1,8,4,0,0,33,347,0
32x12,209,6829,2650514,506,-2,8,4,0,4,33,347,0
32x12,210,6823,2637107,505,-2,8,4,0,0,32,348,0
32x12,211,6832,2635353,505,-3,8,4,0,0,33,347,0
32x12,212,6830,2634492,505,0,8,4,0,4,33,347,0
32x12,213,6838,2647665,505,0,8,4,0,0,34,346,0
32x12,214,6834,2647139,505,0,8,4,0,0,33,347,0
32x12,215,6821,2641842,504,0,8,4,0,4,33,347,0
32x12,216,6844,2641572,506,-1,8,4,0,0,34,346,0
32x12,217,6845,2641053,505,0,8,4,0,0,32,348,0
32x12,218,6851,2645989,504,0,8,4,0,4,33,347,0
32x12,219,6841,2640880,503,-1,8,4,0,0,34,346,0
32x12,220,6850,2646994,505,0,8,4,0,0,32,348,0
32x12,221,6842,2639003,505,0,8,4,0,4,33,347,0
32x12,222,6838,2635209,506,0,8,4,0,0,33,347,0
32x12,223,6830,2636489,505,0,8,4,0,0,34,346,0
32x12,224,6821,2634671,504,0,8,4,0,4,34,346,0
32x12,225,6806,2628814,504,0,8,4,0,0,33,347,0
32x12,226,6806,2625769,505,0,8,4,0,0,34,346,0
32x12,227,6809,2626978,505,0,8,4,0,4,32,348,0
32x12,228,6804,2618763,505,0,8,4,0,0,34,346,0
32x12,229,6811,2619120,504,0,8,4,0,0,33,347,0
32x12,230,6789,2612055,504,-1,8,4,0,4,33,347,0
32x12,231,6792,2619608,504,0,8,4,0,0,34,346,0
32x12,232,6800,2618987,505,0,8,4,0,0,34,346,0
32x12,233,6807,2625393,506,0,8,4,0,4,34,346,0
32x12,234,6802,2622432,506,0,8,4,0,0,33,347,0
32x12,235,6811,2631700,506,0,8,4,0,0,34,346,0
32x12,236,6820,2636990,506,0,8,4,0,4,34,346,0
32x12,237,6820,2635298,506,0,8,4,0,0,34,346,0
32x12,238,6815,2636831,505,0,8,4,0,0,34,346,0
32x12,239,6832,2645230,505,0,8,4,0,4,34,346,0
32x12,240,6821,2639331,505,0,8,4,0,0,34,346,0
32x12,241,6825,2643557,505,0,8,4,0,0,34,346,0
32x12,242,6844,2654468,505,0,8,4,0,4,34,346,0
32x12,243,6844,2654907,505,0,8,4,0,0,33,347,0
32x12,244,6837,2644717,505,0,8,4,0,0,34,346,0
32x12,245,6847,2647710,505,0,8,4,0,4,34,346,0
32x12,246,6839,2645243,505,0,8,4,0,0,34,346,0
32x12,247,6834,2644235,505,0,8,4,0,0,34,346,0
32x12,248,6835,2635999,505,0,8,4,0,4,33,347,0
32x12,249,6826,2631725,505,0,8,4,0,0,34,346,0
32x12,250,6860,2659743,505,0,8,4,0,0,34,346,0
32x12,251,19938,15089075,673,0,8,4,4,3,32,280,0
32x12,252,21229,16205235,697,0,8,4,4,0,30,282,0
32x12,253,21457,16388105,697,-1,80,5,4,0,31,281,0
32x12,254,21524,16439306,697,0,91,5,4,0,137,247,0
32x12,255,21559,16460788,696,0,96,5,4,0,153,231,0
32x12,256,21579,16478113,696,0,90,1,0,0,155,229,0
32x12,257,21582,16483944,694,0,90,1,0,0,124,260,0
32x12,258,21571,16476174,697,0,90,1,0,0,124,260,0
32x12,259,21586,16488556,696,0,91,1,0,0,124,260,0
32x12,260,21596,16497195,697,0,92,1,0,0,124,260,0
32x12,261,21611,16512906,697,0,92,1,0,0,124,260,0
32x12,262,21626,16519179,698,0,92,1,0,0,124,260,0
32x12,263,21611,16514758,697,0,92,1,0,0,124,260,0
32x12,264,21616,16517510,698,0,92,1,0,0,124,260,0
32x12,265,21637,16524929,698,0,92,1,0,0,124,260,0
32x12,266,21644,16525801,700,0,92,1,0,0,124,260,0
32x12,267,21635,16522415,700,0,92,1,0,0,124,260,0
32x12,268,21631,16515056,698,0,92,1,0,0,124,260,0
32x12,269,21630,16513940,697,0,92,1,0,0,124,260,0
32x12,270,21625,16506859,697,0,92,1,0,0,124,260,0
32x12,271,21619,16506654,698,0,92,1,0,0,123,261,0
32x12,272,21617,16513792,698,0,92,1,0,0,124,260,0
32x12,273,21615,16514205,697,0,92,1,0,0,124,260,0
32x12,274,21611,16508832,696,0,92,1,0,0,124,260,0
32x12,275,21614,16514591,696,0,92,1,0,0,124,260,0
32x12,276,21641,16529932,696,0,92,1,0,0,124,260,0
32x12,277,21637,16535476,696,0,92,1,0,0,123,261,0
32x12,278,21633,16535110,696,0,92,1,0,0,124,260,0
32x12,279,21631,16531219,695,0,92,1,0,0,124,260,0
32x12,280,21616,16521392,695,0,92,1,0,0,124,260,0
32x12,281,21625,16523355,695,0,92,1,0,0,124,260,0
32x12,282,21622,16523134,695,0,92,1,0,0,124,260,0
32x12,283,21620,16519203,695,0,92,1,0,0,124,260,0
32x12,284,21626,16519652,696,0,92,1,0,0,124,260,0
32x12,285,21614,16515208,697,0,92,1,0,0,124,260,0
32x12,286,21610,16515475,697,0,92,1,0,0,124,260,0
32x12,287,21611,16520827,697,0,92,1,0,0,124,260,0
32x12,288,21611,16517875,697,0,92,1,0,0,124,260,0
32x12,289,21604,16510466,697,0,92,1,0,0,124,260,0
32x12,290,21606,16512358,697,0,92,1,0,0,124,260,0
32x12,291,21604,16505213,697,0,92,1,0,0,124,260,0
32x12,292,21605,16503500,697,0,92,1,0,0,124,260,0
32x12,293,21600,16501351,697,0,92,1,0,0,124,260,0
32x12,294,21593,16500087,696,0,92,1,0,0,124,260,0
32x12,295,21597,16505285,696,0,92,1,0,0,124,260,0
32x12,296,21596,16508427,696,0,92,1,0,0,124,260,0
32x12,297,21604,16512553,696,0,92,1,0,0,124,260,0
32x12,298,21597,16506816,697,0,92,1,0,0,124,260,0
32x12,299,21598,16507305,697,0,92,1,0,0,124,260,0
32x12,300,21608,16517458,698,0,92,1,0,0,124,260,0
32x12,301,27621,21174984,1228,0,92,1,0,0,124,260,0
32x12,302,28244,21662910,1250,0,92,1,0,0,124,260,0
32x12,303,28368,21759472,1251,0,92,1,0,0,124,260,0
32x12,304,28419,21797451,1253,0,92,1,0,0,124,260,0
32x12,305,28456,21818152,1251,0,92,1,0,0,124,260,0
32x12,306,28462,21832018,1253,0,92,1,0,0,124,260,0
32x12,307,28466,21832355,1251,0,92,1,0,0,124,260,0
32x12,308,28478,21844188,1253,0,92,1,0,0,124,260,0
32x12,309,28489,21850146,1250,0,92,1,0,0,124,260,0
32x12,310,28490,21852792,1252,0,92,1,0,0,124,260,0
32x12,311,28492,21854021,1252,0,92,1,0,0,124,260,0
32x12,312,28501,21857283,1251,0,92,1,0,0,124,260,0
32x12,313,28507,21857574,1250,0,92,1,0,0,124,260,0
32x12,314,28499,21854618,1250,0,92,1,0,0,124,260,0
32x12,315,28515,21862096,1250,0,92,1,0,0,124,260,0
32x12,316,28511,21860794,1250,0,92,1,0,0,124,260,0
32x12,317,28516,21860687,1250,0,92,1,0,0,124,260,0
32x12,318,28513,21863779,1250,0,92,1,0,0,124,260,0
32x12,319,28502,21857507,1253,0,92,1,0,0,124,260,0
32x12,320,28512,21864548,1253,0,92,1,0,0,124,260,0
32x12,321,28504,21859906,1253,-1,92,1,0,0,124,260,0
32x12,322,28515,21864252,1253,0,92,1,0,0,124,260,0
32x12,323,28521,21867117,1252,0,92,1,0,0,124,260,0
32x12,324,28518,21861641,1252,0,92,1,0,0,124,260,0
32x12,325,28514,21858742,1251,0,92,1,0,0,124,260,0
32x12,326,28495,21849449,1251,0,92,1,0,0,124,260,0
32x12,327,28495,21849155,1251,0,92,1,0,0,124,260,0
32x12,328,28488,21844760,1252,0,92,1,0,0,124,260,0
32x12,329,28482,21839554,1252,0,92,1,0,0,124,260,0
32x12,330,28473,21835559,1252,1,92,1,0,0,124,260,0
32x12,331,28469,21838179,1252,0,92,1,0,0,124,260,0
32x12,332,28477,21844105,1252,0,92,1,0,0,124,260,0
32x12,333,28474,21848181,1252,0,92,1,0,0,124,260,0
32x12,334,28464,21843427,1252,0,92,1,0,0,124,260,0
32x12,335,28447,21833553,1252,0,92,1,0,0,124,260,0
32x12,336,28459,21835239,1251,0,92,1,0,0,124,260,0
32x12,337,28467,21835273,1251,0,92,1,0,0,124,260,0
32x12,338,28465,21840031,1251,0,92,1,0,0,124,260,0
32x12,339,28480,21845876,1251,0,92,1,0,0,124,260,0
32x12,340,28472,21837317,1251,0,92,1,0,0,124,260,0
32x12,341,28478,21837904,1251,0,92,1,0,0,124,260,0
32x12,342,28480,21842713,1251,0,92,1,0,0,124,260,0
32x12,343,28472,21841958,1251,0,92,1,0,0,124,260,0
32x12,344,28470,21840295,1251,0,92,1,0,0,124,260,0
32x12,345,28455,21833422,1251,0,92,1,0,0,124,260,0
32x12,346,28451,21828442,1251,0,92,1,0,0,124,260,0
32x12,347,28458,21829802,1251,0,92,1,0,0,124,260,0
32x12,348,28462,21831580,1251,0,92,1,0,0,124,260,0
32x12,349,28468,21838603,1251,0,92,1,0,0,124,260,0
32x12,350,28471,21840367,1252,0,92,1,0,0,124,260,0
32x12,351,28495,21849625,1252,0,92,1,0,0,124,260,0
32x12,352,28488,21848623,1252,0,92,1,0,0,124,260,0
32x12,353,28489,21846933,1251,0,92,1,0,0,124,260,0
32x12,354,28488,21844112,1251,0,92,1,0,0,124,260,0
32x12,355,28492,21846200,1251,0,92,1,0,0,124,260,0
32x12,356,28479,21836191,1251,0,92,1,0,0,124,260,0
32x12,357,28453,21819864,1251,0,92,1,0,0,124,260,0
32x12,358,28465,21825805,1252,0,92,1,0,0,124,260,0
32x12,359,28466,21824265,1252,0,92,1,0,0,124,260,0
32x12,360,28482,21833773,1252,0,92,1,0,0,124,260,0
32x12,361,28477,21832024,1251,-1,92,1,0,0,124,260,0
32x12,362,28486,21840274,1251,-1,92,1,0,0,124,260,0
32x12,363,28487,21844236,1251,0,92,1,0,0,124,260,0
32x12,364,28488,21849168,1251,0,92,1,0,0,124,260,0
32x12,365,28474,21841285,1251,0,92,1,0,0,124,260,0
32x12,366,28480,21843657,1251,0,92,1,0,0,124,260,0
32x12,367,28485,21848420,1251,0,92,1,0,0,124,260,0
32x12,368,28490,21852882,1251,0,92,1,0,0,124,260,0
32x12,369,28500,21860660,1251,0,92,1,0,0,124,260,0
32x12,370,28518,21867973,1251,0,92,1,0,0,124,260,0
32x12,371,28501,21859538,1251,0,92,1,0,0,124,260,0
32x12,372,28492,21858632,1251,0,92,1,0,0,124,260,0
32x12,373,28482,21851857,1251,0,92,1,0,0,124,260,0
32x12,374,28467,21843396,1251,0,92,1,0,0,124,260,0
32x12,375,28454,21836515,1252,0,92,1,0,0,124,260,0
32x12,376,28468,21847116,1252,0,92,1,0,0,124,260,0
32x12,377,28476,21845450,1251,0,92,1,0,0,124,260,0
32x12,378,28470,21844932,1251,0,92,1,0,0,124,260,0
32x12,379,28464,21841213,1251,0,92,1,0,0,124,260,0
32x12,380,28467,21841921,1251,0,92,1,0,0,124,260,0
32x12,381,28472,21843216,1251,0,92,1,0,0,124,260,0
32x12,382,28474,21840327,1252,0,92,1,0,0,124,260,0
32x12,383,28495,21846913,1251,0,92,1,0,0,124,260,0
32x12,384,28482,21842432,1251,0,92,1,0,0,124,260,0
32x12,385,28513,21862505,1251,0,92,1,0,0,124,260,0
32x12,386,28504,21858925,1251,0,92,1,0,0,124,260,0
32x12,387,28499,21858444,1251,0,92,1,0,0,124,260,0
32x12,388,28499,21861475,1252,1,92,1,0,0,124,260,0
32x12,389,28481,21849044,1251,0,92,1,0,0,124,260,0
32x12,390,28492,21855134,1251,0,92,1,0,0,124,260,0
32x12,391,28471,21841167,1250,0,92,1,0,0,124,260,0
32x12,392,28469,21839053,1251,0,92,1,0,0,124,260,0
32x12,393,28474,21837261,1252,0,92,1,0,0,124,260,0
32x12,394,28475,21834922,1252,0,92,1,0,0,124,260,0
32x12,395,28479,21838197,1252,0,92,1,0,0,124,260,0
32x12,396,28466,21828293,1252,0,92,1,0,0,124,260,0
32x12,397,28470,21828492,1252,0,92,1,0,0,124,260,0
32x12,398,28463,21824367,1252,0,92,1,0,0,124,260,0
32x12,399,28469,21828628,1252,0,92,1,0,0,124,260,0
32x12,400,28470,21826702,1252,0,92,1,0,0,124,260,0
32x12,401,28479,21836337,1252,0,92,1,0,0,124,260,0
32x12,402,28478,21834362,1252,0,92,1,0,0,124,260,0
32x12,403,28464,21829738,1253,0,92,1,0,0,124,260,0
32x12,404,28445,21818816,1252,0,92,1,0,0,124,260,0
32x12,405,28459,21828910,1252,0,92,1,0,0,124,260,0
32x12,406,28471,21840881,1252,0,92,1,0,0,124,260,0
32x12,407,28462,21836252,1253,0,92,1,0,0,124,260,0
32x12,408,28476,21840729,1252,0,92,1,0,0,124,260,0
32x12,409,28482,21840592,1252,0,92,1,0,0,124,260,0
32x12,410,28484,21843390,1251,0,92,1,0,0,124,260,0
32x12,411,28484,21840630,1251,0,92,1,0,0,124,260,0
32x12,412,28500,21848827,1252,0,92,1,0,0,124,260,0
32x12,413,28502,21851293,1253,0,92,1,0,0,124,260,0
32x12,414,28501,21851535,1253,0,92,1,0,0,124,260,0
32x12,415,28502,21856883,1252,0,92,1,0,0,124,260,0
32x12,416,28487,21842877,1253,0,92,1,0,0,124,260,0
32x12,417,28470,21837214,1253,0,92,1,0,0,124,260,0
32x12,418,28464,21833506,1253,0,92,1,0,0,124,260,0
32x12,419,28464,21828853,1253,0,92,1,0,0,124,260,0
32x12,420,28473,21829334,1253,0,92,1,0,0,124,260,0
32x12,421,28477,21831656,1253,0,92,1,0,0,124,260,0
32x12,422,28485,21841172,1253,0,92,1,0,0,124,260,0
32x12,423,28470,21836888,1253,0,92,1,0,0,124,260,0
32x12,424,28476,21840675,1252,0,92,1,0,0,124,260,0
32x12,425,28465,21837789,1251,0,92,1,0,0,124,260,0
32x12,426,28458,21838783,1251,0,92,1,0,0,124,260,0
32x12,427,28458,21840847,1251,0,92,1,0,0,124,260,0
32x12,428,28443,21828419,1252,0,92,1,0,0,124,260,0
32x12,429,28454,21834500,1252,0,92,1,0,0,124,260,0
32x12,430,28467,21846243,1253,-1,92,1,0,0,124,260,0
32x12,431,28460,21840014,1252,-2,92,1,0,0,124,260,0
32x12,432,28452,21838547,1252,-2,92,1,0,0,124,260,0
32x12,433,28444,21821886,1251,-1,92,1,0,0,124,260,0
32x12,434,28414,21789652,1250,0,92,1,0,0,124,260,0
32x12,435,28389,21773203,1249,0,92,1,0,0,124,260,0
32x12,436,28349,21746021,1247,0,92,1,0,0,124,260,0
32x12,437,28337,21734726,1245,0,92,1,0,0,124,260,0
32x12,438,28292,21702849,1243,0,92,1,0,0,124,260,0
32x12,439,28282,21686824,1242,0,92,1,0,0,123,261,0
32x12,440,28263,21666664,1238,0,92,1,0,0,124,260,0
32x12,441,28224,21631003,1236,0,92,1,0,0,124,260,0
32x12,442,28172,21590565,1234,0,92,1,0,0,124,260,0
32x12,443,28140,21563089,1233,0,92,1,0,0,124,260,0
32x12,444,28091,21528420,1232,0,92,1,0,0,124,260,0
32x12,445,28045,21496737,1232,0,92,1,0,0,124,260,0
32x12,446,27987,21455325,1229,0,92,1,0,0,124,260,0
32x12,447,27943,21419341,1227,0,92,1,0,0,124,260,0
32x12,448,27918,21401730,1226,0,92,1,0,0,124,260,0
32x12,449,27875,21366564,1224,0,92,1,0,0,124,260,0
32x12,450,27838,21344003,1223,0,92,1,0,0,124,260,0
32x12,451,27801,21316712,1221,0,92,1,0,0,124,260,0
32x12,452,27763,21286859,1220,0,92,1,0,0,124,260,0
32x12,453,27728,21256021,1218,0,92,1,0,0,124,260,0
32x12,454,27667,21214335,1216,0,92,1,0,0,124,260,0
32x12,455,27634,21187832,1215,0,92,1,0,0,124,260,0
32x12,456,27601,21163431,1213,0,92,1,0,0,124,260,0
32x12,457,27556,21133602,1210,0,92,1,0,0,124,260,0
32x12,458,27524,21111436,1208,0,92,1,0,0,124,260,0
32x12,459,27481,21081885,1206,0,92,1,0,0,124,260,0
32x12,460,27456,21060494,1204,0,92,1,0,0,124,260,0
32x12,461,27426,21032593,1202,0,92,1,0,0,124,260,0
32x12,462,27381,21000551,1201,0,92,1,0,0,124,260,0
32x12,463,27385,20988273,1201,0,92,1,0,0,124,260,0
32x12,464,27335,20954784,1198,0,92,1,0,0,124,260,0
32x12,465,27292,20922317,1194,0,92,1,0,0,124,260,0
32x12,466,27262,20895401,1192,0,92,1,0,0,124,260,0
32x12,467,27216,20859921,1191,0,92,1,0,0,124,260,0
32x12,468,27173,20830755,1191,0,92,1,0,0,124,260,0
32x12,469,27137,20802998,1189,0,92,1,0,0,124,260,0
32x12,470,27111,20779450,1187,0,92,1,0,0,124,260,0
32x12,471,27083,20757007,1186,0,92,1,0,0,124,260,0
32x12,472,27049,20724023,1184,0,92,1,0,0,124,260,0
32x12,473,27010,20690226,1183,0,92,1,0,0,124,260,0
32x12,474,26969,20659566,1182,0,92,1,0,0,124,260,0
32x12,475,26930,20626228,1181,0,92,1,0,0,124,260,0
32x12,476,26905,20607230,1179,0,92,1,0,0,124,260,0
32x12,477,26863,20575145,1177,0,92,1,0,0,124,260,0
32x12,478,26818,20542312,1176,0,92,1,0,0,124,260,0
32x12,479,26762,20507416,1172,0,92,1,0,0,124,260,0
32x12,480,26738,20489753,1171,0,92,1,0,0,124,260,0
32x12,481,26698,20460590,1170,0,92,1,0,0,124,260,0
32x12,482,26666,20430831,1170,0,92,1,0,0,124,260,0
32x12,483,26627,20403172,1168,0,92,1,0,0,124,260,0
32x12,484,26601,20379744,1166,0,92,1,0,0,124,260,0
32x12,485,26561,20346825,1165,0,92,1,0,0,124,260,0
32x12,486,26535,20323390,1162,0,92,1,0,0,124,260,0
32x12,487,26490,20295091,1160,0,92,1,0,0,124,260,0
32x12,488,26470,20278796,1159,0,92,1,0,0,124,260,0
32x12,489,26434,20251283,1159,0,92,1,0,0,124,260,0
32x12,490,26399,20224093,1158,0,92,1,0,0,124,260,0
32x12,491,26349,20188603,1156,0,92,1,0,0,124,260,0
32x12,492,26319,20165536,1153,0,92,1,0,0,124,260,0
32x12,493,26303,20152753,1150,0,92,1,0,0,124,260,0
32x12,494,26268,20128240,1149,-1,92,1,0,0,124,260,0
32x12,495,26234,20101881,1148,0,92,1,0,0,124,260,0
32x12,496,26187,20069331,1148,0,92,1,0,0,124,260,0
32x12,497,26143,20029219,1146,0,92,1,0,0,124,260,0
32x12,498,26096,20002590,1145,0,92,1,0,0,124,260,0
32x12,499,26070,19980346,1144,0,92,1,0,0,124,260,0
32x12,500,26025,19941717,1140,0,92,1,0,0,124,260,0
32x12,501,26007,19923677,1139,0,92,1,0,0,124,260,0
32x12,502,25962,19892665,1137,0,92,1,0,0,124,260,0
32x12,503,25927,19870318,1136,0,92,1,0,0,124,260,0
32x12,504,25886,19836521,1135,0,92,1,0,0,124,260,0
32x12,505,25859,19817094,1134,0,92,1,0,0,124,260,0
32x12,506,25824,19789634,1133,0,92,1,0,0,124,260,0
32x12,507,25788,19765902,1132,0,92,1,0,0,124,260,0
32x12,508,25751,19735454,1128,0,92,1,0,0,124,260,0
32x12,509,25705,19701567,1126,0,92,1,0,0,124,260,0
32x12,510,25665,19672786,1124,0,92,1,0,0,124,260,0
32x12,511,25634,19647144,1123,0,92,1,0,0,123,261,0
32x12,512,25596,19616608,1122,0,92,1,0,0,124,260,0
32x12,513,25585,19595857,1120,0,92,1,0,0,124,260,0
32x12,514,25566,19581902,1119,0,92,1,0,0,124,260,0
32x12,515,25525,19553440,1116,0,92,1,0,0,124,260,0
32x12,516,25492,19526196,1115,0,92,1,0,0,124,260,0
32x12,517,25451,19496872,1114,0,92,1,0,0,124,260,0
32x12,518,25422,19476238,1111,0,92,1,0,0,124,260,0
32x12,519,25388,19444471,1108,0,92,1,0,0,124,260,0
32x12,520,25366,19429566,1107,0,92,1,0,0,124,260,0
32x12,521,25336,19404896,1106,0,92,1,0,0,124,260,0
32x12,522,25297,19379936,1105,0,92,1,0,0,124,260,0
32x12,523,25263,19358189,1104,-1,92,1,0,0,124,260,0
32x12,524,25250,19341864,1104,0,92,1,0,0,124,260,0
32x12,525,25217,19311243,1103,0,92,1,0,0,124,260,0
32x12,526,25179,19289593,1100,0,92,1,0,0,124,260,0
32x12,527,25147,19263390,1098,0,92,1,0,0,124,260,0
32x12,528,25114,19234138,1096,0,92,1,0,0,124,260,0
32x12,529,25069,19198077,1093,0,92,1,0,0,124,260,0
32x12,530,25030,19160823,1091,0,92,1,0,0,124,260,0
32x12,531,25005,19141060,1089,0,92,1,0,0,124,260,0
32x12,532,24961,19103775,1087,0,92,1,0,0,124,260,0
32x12,533,24919,19074614,1086,0,92,1,0,0,124,260,0
32x12,534,24882,19053580,1086,0,92,1,0,0,124,260,0
32x12,535,24833,19021010,1087,0,92,1,0,0,124,260,0
32x12,536,24786,18987628,1085,0,92,1,0,0,124,260,0
32x12,537,24760,18960101,1083,0,92,1,0,0,124,260,0
32x12,538,24735,18937519,1081,0,92,1,0,0,124,260,0
32x12,539,24707,18911868,1080,0,92,1,0,0,124,260,0
32x12,540,24676,18885113,1077,0,92,1,0,0,124,260,0
32x12,541,24638,18860368,1075,0,92,1,0,0,124,260,0
32x12,542,24615,18841257,1075,0,92,1,0,0,124,260,0
32x12,543,24566,18810081,1075,0,92,1,0,0,124,260,0
32x12,544,24535,18785316,1074,0,92,1,0,0,124,260,0
32x12,545,24497,18756267,1074,0,92,1,0,0,124,260,0
32x12,546,24476,18732742,1074,0,92,1,0,0,124,260,0
32x12,547,24436,18703583,1069,0,92,1,0,0,124,260,0
32x12,548,24401,18674377,1067,1,92,1,0,0,124,260,0
32x12,549,24373,18653582,1066,0,92,1,0,0,124,260,0
32x12,550,24351,18639495,1063,0,92,1,0,0,124,260,0
32x12,551,24304,18608931,1061,0,92,1,0,0,124,260,0
32x12,552,24273,18584909,1059,0,92,1,0,0,124,260,0
32x12,553,24247,18564152,1056,0,92,1,0,0,124,260,0
32x12,554,24217,18541405,1055,0,92,1,0,0,124,260,0
32x12,555,24191,18515662,1054,0,92,1,0,0,124,260,0
32x12,556,24152,18482845,1053,0,92,1,0,0,124,260,0
32x12,557,24132,18464567,1053,0,92,1,0,0,124,260,0
32x12,558,24093,18439751,1051,0,92,1,0,0,124,260,0
32x12,559,24061,18417012,1050,0,92,1,0,0,124,260,0
32x12,560,24026,18382880,1048,0,92,1,0,0,124,260,0
32x12,561,23986,18356636,1047,0,92,1,0,0,124,260,0
32x12,562,23956,18335929,1046,0,92,1,0,0,124,260,0
32x12,563,23932,18318408,1046,0,92,1,0,0,124,260,0
32x12,564,23901,18293050,1044,0,92,1,0,0,124,260,0
32x12,565,23876,18274991,1043,0,92,1,0,0,124,260,0
32x12,566,23841,18247355,1040,0,92,1,0,0,124,260,0
32x12,567,23812,18219350,1039,0,92,1,0,0,124,260,0
32x12,568,23798,18197069,1036,0,92,1,0,0,124,260,0
32x12,569,23761,18168915,1034,0,92,1,0,0,124,260,0
32x12,570,23738,18148994,1032,0,92,1,0,0,124,260,0
32x12,571,23689,18119972,1031,0,92,1,0,0,124,260,0
32x12,572,23661,18099041,1030,0,92,1,0,0,124,260,0
32x12,573,23620,18067404,1029,0,92,1,0,0,124,260,0
32x12,574,23594,18046630,1029,0,92,1,0,0,124,260,0
32x12,575,23560,18018944,1027,0,92,1,0,0,124,260,0
32x12,576,23524,17991621,1026,0,92,1,0,0,124,260,0
32x12,577,23492,17968402,1025,0,92,1,0,0,124,260,0
32x12,578,23454,17946631,1025,0,92,1,0,0,124,260,0
32x12,579,23436,17934083,1023,0,92,1,0,0,124,260,0
32x12,580,23391,17900013,1022,0,92,1,0,0,124,260,0
32x12,581,23357,17877264,1021,0,92,1,0,0,124,260,0
32x12,582,23324,17848758,1018,0,92,1,0,0,124,260,0
32x12,583,23294,17828862,1017,0,92,1,0,0,124,260,0
32x12,584,23260,17803404,1013,0,92,1,0,0,124,260,0
32x12,585,23223,17774663,1011,0,92,1,0,0,124,260,0
32x12,586,23204,17758840,1011,0,92,1,0,0,124,260,0
32x12,587,23190,17741048,1010,0,92,1,0,0,124,260,0
32x12,588,23175,17727137,1010,1,92,1,0,0,124,260,0
32x12,589,23154,17704770,1007,1,92,1,0,0,124,260,0
32x12,590,23111,17670813,1004,1,92,1,0,0,124,260,0
32x12,591,23069,17639451,1004,1,92,1,0,0,124,260,0
32x12,592,23045,17619461,1002,0,92,1,0,0,124,260,0
32x12,593,23009,17594805,1002,0,92,1,0,0,124,260,0
32x12,594,22987,17576128,1000,0,92,1,0,0,124,260,0
32x12,595,22958,17560944,1000,0,92,1,0,0,124,260,0
32x12,596,22905,17523702,997,0,92,1,0,0,124,260,0
32x12,597,22853,17487077,996,0,92,1,0,0,124,260,0
32x12,598,22812,17456463,995,0,92,1,0,0,124,260,0
32x12,599,22796,17439680,995,0,92,1,0,0,124,260,0
