Comment,Designator,Footprint,LCSC Part #
100nF,"C1,C2,C3,C4,C5,C6,C7",Capacitor_SMD:C_0402_1005Metric,C85858
10uF,C10,Capacitor_SMD:C_0805_2012Metric,C3039694
100nF,C11,Capacitor_SMD:C_0201_0603Metric,C76939
100nF,C12,Capacitor_SMD:C_0402_1005Metric,C85858
100nF,"C13,C14,C15,C16,C17,C18",Capacitor_SMD:C_0201_0603Metric,C76939
4.7uF,C19,Capacitor_SMD:C_0603_1608Metric,C69335
15pF,"C20,C21",Capacitor_SMD:C_0402_1005Metric,C338103
4.7uF,C22,Capacitor_SMD:C_0603_1608Metric,C69335
22uF,C23,Capacitor_SMD:C_0805_2012Metric,C45783
100nF,"C24,C25",Capacitor_SMD:C_0201_0603Metric,C76939
10nF,C26,Capacitor_SMD:C_0402_1005Metric,C22400107
100nF,C27,Capacitor_SMD:C_0402_1005Metric,C85858
100nF,"C28,C29",Capacitor_SMD:C_0402_1005Metric,C85858
1nF,"C31,C32",Capacitor_SMD:C_0402_1005Metric,C437434
100nF,"C33,C34",Capacitor_SMD:C_0201_0603Metric,C76939
100nF,C35,Capacitor_SMD:C_0201_0603Metric,C76939
100nF,C36,Capacitor_SMD:C_0201_0603Metric,C76939
1uF,C37,Capacitor_SMD:C_0805_2012Metric,C28323
100nF,C38,Capacitor_SMD:C_0402_1005Metric,C85858
10uF,C39,Capacitor_SMD:C_0805_2012Metric,C3039694
100nF,"C40,C42",Capacitor_SMD:C_0402_1005Metric,C85858
1uF,C41,Capacitor_SMD:C_0402_1005Metric,C52923
4.7uF,"C43,C44",Capacitor_SMD:C_0603_1608Metric,C69335
100nF,C45,Capacitor_SMD:C_0402_1005Metric,C85858
10uF,C46,Capacitor_SMD:C_0805_2012Metric,C3039694
1uF,C8,Capacitor_SMD:C_0402_1005Metric,C52923
10uF,C9,Capacitor_SMD:C_0805_2012Metric,C3039694
PMEG2005AEA,"D1,D2",Diode_SMD:D_SOD-323,C179428
LED_Green,D3,LED_SMD:LED_0603_1608Metric,C125098
PMEG2010ER,D4,Diode_SMD:Nexperia_CFP3_SOD-123W,C82288
USBLC6-2P6,D5,Package_TO_SOT_SMD:SOT-666,C15999
FFC_32P_0.5mm,"J1,J2",FlexiTac:FFC_0.5mm_FH12_32_16_12way_Composite,C597985
Bus_6P,"J3,J4",Connector_JST:JST_GH_SM06B-GHS-TB_1x06-1MP_P1.25mm_Horizontal,C133065
USB-C,J5,Connector_USB:USB_C_Receptacle_HRO_TYPE-C-31-M-12,C165948
SWD,J6,Connector_PinHeader_2.54mm:PinHeader_1x04_P2.54mm_Vertical,C5184785
AOTA-B201610S3R3-101-T,L1,FlexiTac:L_0806_2016Metric,C42411119
2.2uH,L2,Inductor_SMD:L_1210_3225Metric,C2045365
2N7002PW,Q1,Package_TO_SOT_SMD:SOT-323_SC-70,C255579
10k,"R1,R2",Resistor_SMD:R_0402_1005Metric,C844452
10R,R10,Resistor_SMD:R_0402_1005Metric,C705629
120R,"R11,R12",Resistor_SMD:R_0603_1608Metric,C861094
100k,R15,Resistor_SMD:R_0402_1005Metric,C852472
47k,R16,Resistor_SMD:R_0402_1005Metric,C728561
1k,R17,Resistor_SMD:R_0402_1005Metric,C852624
180k,R18,Resistor_SMD:R_0402_1005Metric,C852573
40.2k,R19,Resistor_SMD:R_0402_1005Metric,C852775
10k,R20,Resistor_SMD:R_0402_1005Metric,C844452
51R,"R21,R22",Resistor_SMD:R_0402_1005Metric,C852830
27R,"R23,R24",Resistor_SMD:R_0402_1005Metric,C852682
1k,R25,Resistor_SMD:R_0402_1005Metric,C852624
10R,R26,Resistor_SMD:R_0402_1005Metric,C705629
82.5k,"R27,R28",Resistor_SMD:R_0402_1005Metric,C852928
4.7k,"R29,R30",Resistor_SMD:R_0402_1005Metric,C281778
33R,"R3,R4",Resistor_SMD:R_0402_1005Metric,C852729
10k,"R31,R32,R33",Resistor_SMD:R_0402_1005Metric,C844452
866k,R34,Resistor_SMD:R_0402_1005Metric,C149916
33R,R35,Resistor_SMD:R_0402_1005Metric,C852729
1k,R36,Resistor_SMD:R_0402_1005Metric,C852624
10k,R37,Resistor_SMD:R_0402_1005Metric,C844452
1R,R38,Resistor_SMD:R_0603_1608Metric,C861215
0R,R5,Resistor_SMD:R_0402_1005Metric,C2654001
10k,"R6,R8",Resistor_SMD:R_0402_1005Metric,C844452
2k,"R7,R9",Resistor_SMD:R_0402_1005Metric,C844262
BOOTSEL,SW1,Button_Switch_SMD:SW_SPST_B3U-1000P,C231329
SN74LVC595APW,"U1,U2,U3,U4",Package_SO:TSSOP-16_4.4x5mm_P0.65mm,C52287685
SN65HVD75DR,U10,Package_SO:SOIC-8_3.9x4.9mm_P1.27mm,C57928
SN65HVD75DR,U11,Package_SO:SOIC-8_3.9x4.9mm_P1.27mm,C57928
TLV62569DBVR,U12,Package_TO_SOT_SMD:SOT-23-5,C141836
TUSB320LAIRWBR,U13,Package_DFN_QFN:Texas_X2QFN-12_1.6x1.6mm_P0.4mm,C132554
TPS2553DBVR,U14,Package_TO_SOT_SMD:SOT-23-6,C55266
CD74HC4067SM96,"U5,U6",Package_SO:SSOP-24_5.3x8.2mm_P0.65mm,C98457
TLV9062IDGKR,U7,Package_SO:MSOP-8_3x3mm_P0.65mm,C398356
LTC1865LIMS,U8,Package_SO:MSOP-10_3x3mm_P0.5mm,C580457
RP2354A,U9,Package_DFN_QFN:QFN-60-1EP_7x7mm_P0.4mm_EP3.4x3.4mm,C41378174
ABM8-272-T3,Y1,Crystal:Crystal_SMD_3225-4Pin_3.2x2.5mm,C20625731
